,Date,Open,High,Low,Close,Adj Close,Volume
0,2020-10-01,100.0,100.0,100.0,100.0,95.70214080810547,0
1,2020-10-02,100.0,100.0,100.0,100.0,95.70214080810547,0
2,2020-10-05,100.02999877929688,100.04000091552734,99.99500274658203,99.99500274658203,95.69737243652344,10725
3,2020-10-06,100.01000213623047,100.02999877929688,100.01000213623047,100.02999877929688,95.73086547851562,10080
4,2020-10-07,99.94999694824219,99.95999908447266,99.91999816894531,99.91999816894531,95.6255874633789,6350
5,2020-10-08,99.98999786376953,99.99500274658203,99.9717025756836,99.99500274658203,95.69737243652344,650
6,2020-10-09,99.97000122070312,99.9800033569336,99.94000244140625,99.94000244140625,95.64472198486328,1820
7,2020-10-12,99.95999908447266,99.97000122070312,99.94000244140625,99.94000244140625,95.64472198486328,5685
8,2020-10-13,99.97899627685547,99.98999786376953,99.96320343017578,99.96499633789062,95.66866302490234,3635
9,2020-10-14,100.0,100.0,99.9749984741211,99.9749984741211,95.67822265625,3985
10,2020-10-15,100.0,100.0,99.94499969482422,99.94499969482422,95.64952087402344,3312
11,2020-10-16,99.94999694824219,99.95999908447266,99.92500305175781,99.92500305175781,95.63037109375,2135
12,2020-10-19,99.91000366210938,99.91999816894531,99.88999938964844,99.88999938964844,95.59689331054688,126687
13,2020-10-20,99.84709930419922,99.84709930419922,99.84709930419922,99.84709930419922,95.55583190917969,29
14,2020-10-21,99.83999633789062,99.83999633789062,99.82430267333984,99.82430267333984,95.53400421142578,320
15,2020-10-22,99.77999877929688,99.77999877929688,99.75,99.75,95.46289825439453,5600
16,2020-10-23,99.80999755859375,99.80999755859375,99.79000091552734,99.79000091552734,95.50117492675781,4617
17,2020-10-26,99.88999938964844,99.88999938964844,99.86000061035156,99.86000061035156,95.56816864013672,3900
18,2020-10-27,99.93000030517578,99.93000030517578,99.91500091552734,99.91500091552734,95.62081146240234,710
19,2020-10-28,99.91000366210938,99.91000366210938,99.88500213623047,99.88500213623047,95.59210205078125,704
20,2020-10-29,99.81999969482422,99.81999969482422,99.7699966430664,99.7699966430664,95.48202514648438,830
21,2020-10-30,99.69989776611328,99.69989776611328,99.69989776611328,99.69989776611328,95.41495513916016,29
22,2020-11-02,99.70240020751953,99.70240020751953,99.70240020751953,99.70240020751953,95.41735076904297,1
23,2020-11-03,99.66500091552734,99.66500091552734,99.66500091552734,99.66500091552734,95.38154602050781,1
24,2020-11-04,99.95999908447266,99.9800033569336,99.95899963378906,99.97480010986328,95.67802429199219,2561
25,2020-11-05,99.99870300292969,99.99870300292969,99.99870300292969,99.99870300292969,95.7009048461914,1
26,2020-11-06,99.88999938964844,99.94000244140625,99.88999938964844,99.90480041503906,95.61103820800781,1001
27,2020-11-09,99.70999908447266,99.74629974365234,99.70099639892578,99.74629974365234,95.45935821533203,4126
28,2020-11-10,99.68900299072266,99.68900299072266,99.63999938964844,99.63999938964844,95.35762786865234,100
29,2020-11-11,99.66899871826172,99.66999816894531,99.6552963256836,99.6552963256836,95.37227630615234,1004
30,2020-11-12,99.78900146484375,99.79000091552734,99.77410125732422,99.77410125732422,95.4859619140625,4256
31,2020-11-13,99.77059936523438,99.77059936523438,99.77059936523438,99.77059936523438,95.48262023925781,1
32,2020-11-16,99.79900360107422,99.80000305175781,99.7699966430664,99.7699966430664,95.48202514648438,876
33,2020-11-17,99.8499984741211,99.8499984741211,99.8499984741211,99.8499984741211,95.55858612060547,1
34,2020-11-18,99.8499984741211,99.8499984741211,99.8499984741211,99.8499984741211,95.55858612060547,1
35,2020-11-19,99.88999938964844,99.88999938964844,99.88999938964844,99.88999938964844,95.59689331054688,1
36,2020-11-20,99.91000366210938,99.94000244140625,99.91000366210938,99.91500091552734,95.62081146240234,4981
37,2020-11-23,99.89900207519531,99.9000015258789,99.88500213623047,99.88500213623047,95.59210205078125,553
38,2020-11-24,99.88500213623047,99.88500213623047,99.88500213623047,99.88500213623047,95.59210205078125,1
39,2020-11-25,99.95999908447266,99.95999908447266,99.91000366210938,99.91000366210938,95.61602020263672,701
40,2020-11-27,99.98999786376953,99.98999786376953,99.98999786376953,99.98999786376953,95.69258117675781,1
41,2020-11-30,100.06999969482422,100.06999969482422,100.04499816894531,100.04499816894531,95.7452163696289,2066
42,2020-12-01,99.87999725341797,99.91899871826172,99.87999725341797,99.90059661865234,95.60702514648438,1100
43,2020-12-02,99.875,99.875,99.875,99.875,95.58252716064453,1
44,2020-12-03,99.9749984741211,99.9749984741211,99.9749984741211,99.9749984741211,95.67822265625,1
45,2020-12-04,99.86080169677734,99.86080169677734,99.86080169677734,99.86080169677734,95.56893920898438,1
46,2020-12-07,99.9800033569336,99.9800033569336,99.95500183105469,99.95500183105469,95.6590805053711,1800
47,2020-12-08,100.00900268554688,100.00900268554688,99.97000122070312,99.97000122070312,95.67344665527344,1303
48,2020-12-09,99.86000061035156,99.86000061035156,99.84500122070312,99.8550033569336,95.56339263916016,1650
49,2020-12-10,99.91000366210938,99.94999694824219,99.9031982421875,99.93000030517578,95.6351547241211,3907
50,2020-12-11,100.01609802246094,100.01609802246094,100.01609802246094,100.01609802246094,95.71756744384766,33
51,2020-12-14,100.01899719238281,100.0199966430664,99.99500274658203,99.99500274658203,95.69737243652344,425
52,2020-12-15,100.01000213623047,100.01000213623047,100.00499725341797,100.00499725341797,95.7069320678711,1351
53,2020-12-16,100.00499725341797,100.00499725341797,100.00499725341797,100.00499725341797,95.7069320678711,39
54,2020-12-17,100.08999633789062,100.08999633789062,99.99500274658203,99.99500274658203,95.69737243652344,1218
55,2020-12-18,100.0000991821289,100.0000991821289,99.98500061035156,99.98500061035156,95.68780517578125,1000
56,2020-12-21,99.98899841308594,99.98999786376953,99.96009826660156,99.96009826660156,95.66397094726562,2345
57,2020-12-22,100.02999877929688,100.02999877929688,100.02999877929688,100.02999877929688,95.73086547851562,10
58,2020-12-23,99.98999786376953,100.0,99.98999786376953,99.99009704589844,95.69267272949219,1414
59,2020-12-24,100.02670288085938,100.02670288085938,100.02670288085938,100.02670288085938,95.72771453857422,2
60,2020-12-28,100.06300354003906,100.06300354003906,100.06300354003906,100.06300354003906,95.76244354248047,2
61,2020-12-29,100.06500244140625,100.06500244140625,100.06500244140625,100.06500244140625,95.76435852050781,2
62,2020-12-30,100.10459899902344,100.10459899902344,100.10459899902344,100.10459899902344,95.80225372314453,2
63,2020-12-31,100.16000366210938,100.16000366210938,100.15499877929688,100.15499877929688,95.85050201416016,102
64,2021-01-04,100.1229019165039,100.1229019165039,100.1229019165039,100.1229019165039,95.81977081298828,2
65,2021-01-05,100.05999755859375,100.07990264892578,100.05000305175781,100.05000305175781,95.75001525878906,751
66,2021-01-06,99.85900115966797,99.87460327148438,99.85900115966797,99.87460327148438,95.58214569091797,109
67,2021-01-07,99.83000183105469,99.83000183105469,99.78500366210938,99.8136978149414,95.52384948730469,2099
68,2021-01-08,99.7249984741211,99.7249984741211,99.7249984741211,99.7249984741211,95.43897247314453,3
69,2021-01-11,99.66500091552734,99.66500091552734,99.66500091552734,99.66500091552734,95.38154602050781,1
70,2021-01-12,99.66470336914062,99.66470336914062,99.66470336914062,99.66470336914062,95.38126373291016,1
71,2021-01-13,99.75689697265625,99.75689697265625,99.75689697265625,99.75689697265625,95.4695053100586,66
72,2021-01-14,99.81999969482422,99.81999969482422,99.72699737548828,99.72699737548828,95.44087982177734,333
73,2021-01-15,99.80770111083984,99.80770111083984,99.80770111083984,99.80770111083984,95.51811218261719,1
74,2021-01-19,99.83499908447266,99.83499908447266,99.83499908447266,99.83499908447266,95.54425048828125,2
75,2021-01-20,99.83570098876953,99.83570098876953,99.83570098876953,99.83570098876953,95.544921875,3
76,2021-01-21,99.79499816894531,99.79499816894531,99.79499816894531,99.79499816894531,95.50595092773438,193
77,2021-01-22,99.83489990234375,99.83489990234375,99.83489990234375,99.83489990234375,95.54415130615234,66
78,2021-01-25,99.91719818115234,99.91719818115234,99.91719818115234,99.91719818115234,95.62290954589844,66
79,2021-01-26,99.94999694824219,99.94999694824219,99.88999938964844,99.91500091552734,95.62081146240234,841
80,2021-01-27,99.89630126953125,99.89630126953125,99.89630126953125,99.89630126953125,95.60289764404297,1
81,2021-01-28,99.85489654541016,99.85489654541016,99.85489654541016,99.85489654541016,95.56329345703125,1
82,2021-01-29,99.8489990234375,99.84929656982422,99.8489990234375,99.84929656982422,95.55792236328125,1503
83,2021-02-01,99.87999725341797,99.87999725341797,99.87100219726562,99.87100219726562,95.57868957519531,702
84,2021-02-02,99.80960083007812,99.80960083007812,99.80960083007812,99.80960083007812,95.51994323730469,2
85,2021-02-03,99.78900146484375,99.80000305175781,99.76499938964844,99.76499938964844,95.47724151611328,800
86,2021-02-04,99.78500366210938,99.78500366210938,99.78500366210938,99.78500366210938,95.49639892578125,2
87,2021-02-05,99.7615966796875,99.7615966796875,99.7615966796875,99.7615966796875,95.4739990234375,1502
88,2021-02-08,99.80999755859375,99.80999755859375,99.75240325927734,99.75240325927734,95.46519470214844,3318
89,2021-02-09,99.83000183105469,99.83999633789062,99.7699966430664,99.78500366210938,95.49639892578125,6819
90,2021-02-10,99.8499984741211,99.87139892578125,99.8499984741211,99.87139892578125,95.5790786743164,351
91,2021-02-11,99.8550033569336,99.86509704589844,99.8550033569336,99.86509704589844,95.57305145263672,531
92,2021-02-12,99.81900024414062,99.81900024414062,99.78459930419922,99.78459930419922,95.49600219726562,1878
93,2021-02-16,99.58899688720703,99.5999984741211,99.52909851074219,99.52909851074219,95.25148010253906,4815
94,2021-02-17,99.55999755859375,99.58000183105469,99.55999755859375,99.56500244140625,95.28585815429688,1864
95,2021-02-18,99.58499908447266,99.58499908447266,99.58499908447266,99.58499908447266,95.30499267578125,9
96,2021-02-19,99.45500183105469,99.45500183105469,99.45500183105469,99.45500183105469,95.18057250976562,598
97,2021-02-22,99.3550033569336,99.3550033569336,99.3550033569336,99.3550033569336,95.08487701416016,1578
98,2021-02-23,99.41799926757812,99.4198989868164,99.3988037109375,99.3988037109375,95.12680053710938,401
99,2021-02-24,99.3644027709961,99.3644027709961,99.3644027709961,99.3644027709961,95.0938720703125,12
100,2021-02-25,98.91010284423828,98.91010284423828,98.7531967163086,98.7531967163086,94.50891876220703,304
101,2021-02-26,98.98310089111328,98.98310089111328,98.98310089111328,98.98310089111328,94.72895050048828,70
102,2021-03-01,99.05719757080078,99.10759735107422,99.05719757080078,99.10759735107422,94.84809875488281,407
103,2021-03-02,99.19000244140625,99.19000244140625,99.16000366210938,99.18000030517578,94.9173812866211,965
104,2021-03-03,98.98999786376953,99.01180267333984,98.98999786376953,99.01180267333984,94.75643157958984,510
105,2021-03-04,98.84500122070312,98.84500122070312,98.84500122070312,98.84500122070312,94.59679412841797,2
106,2021-03-05,98.75,98.76000213623047,98.75,98.76000213623047,94.51545715332031,100
107,2021-03-08,98.58000183105469,98.58000183105469,98.53050231933594,98.53050231933594,94.29582214355469,101
108,2021-03-09,98.64199829101562,98.64199829101562,98.625,98.625,94.38623809814453,917
109,2021-03-10,98.73919677734375,98.73919677734375,98.73919677734375,98.73919677734375,94.49553680419922,1
110,2021-03-11,98.8416976928711,98.8416976928711,98.8416976928711,98.8416976928711,94.5936279296875,1
111,2021-03-12,98.58000183105469,98.5999984741211,98.58000183105469,98.59259796142578,94.35523986816406,4201
112,2021-03-15,98.61830139160156,98.61830139160156,98.61830139160156,98.61830139160156,94.37984466552734,1
113,2021-03-16,98.62940216064453,98.62940216064453,98.62940216064453,98.62940216064453,94.39046478271484,600
114,2021-03-17,98.54000091552734,98.70149993896484,98.54000091552734,98.70149993896484,94.45946502685547,200
115,2021-03-18,98.51000213623047,98.5167007446289,98.48979949951172,98.48979949951172,94.2568588256836,2009
116,2021-03-19,98.47730255126953,98.47730255126953,98.47730255126953,98.47730255126953,94.24490356445312,1
117,2021-03-22,98.54499816894531,98.56500244140625,98.54499816894531,98.56500244140625,94.32884216308594,108
118,2021-03-23,98.63999938964844,98.68769836425781,98.63999938964844,98.68769836425781,94.44624328613281,101
119,2021-03-24,98.72579956054688,98.72579956054688,98.72579956054688,98.72579956054688,94.48271179199219,1
120,2021-03-25,98.73179626464844,98.73179626464844,98.73179626464844,98.73179626464844,94.48844909667969,10
121,2021-03-26,98.65899658203125,98.66000366210938,98.63500213623047,98.63500213623047,94.39582824707031,678
122,2021-03-29,98.5365982055664,98.5365982055664,98.5365982055664,98.5365982055664,94.31810760498047,1
123,2021-03-30,98.51280212402344,98.51280212402344,98.51280212402344,98.51280212402344,94.29532623291016,1
124,2021-03-31,98.4800033569336,98.51460266113281,98.4800033569336,98.51460266113281,94.29704284667969,504
125,2021-04-01,98.5999984741211,98.6449966430664,98.58999633789062,98.6449966430664,94.42185974121094,1604
126,2021-04-05,98.4990005493164,98.52320098876953,98.4990005493164,98.52320098876953,94.3052749633789,400
127,2021-04-06,98.63999938964844,98.71089935302734,98.63999938964844,98.71089935302734,94.48494720458984,2001
128,2021-04-07,98.72000122070312,98.7300033569336,98.72000122070312,98.72160339355469,94.49517822265625,1000
129,2021-04-08,98.81500244140625,98.81500244140625,98.81500244140625,98.81500244140625,94.5845947265625,1
130,2021-04-09,98.75569915771484,98.75569915771484,98.75569915771484,98.75569915771484,94.52782440185547,1
131,2021-04-12,98.70919799804688,98.70919799804688,98.70919799804688,98.70919799804688,94.48331451416016,1
132,2021-04-13,98.7300033569336,98.8228988647461,98.7300033569336,98.8228988647461,94.59215545654297,1000
133,2021-04-14,98.80500030517578,98.81089782714844,98.77999877929688,98.81089782714844,94.5806655883789,2271
134,2021-04-15,99.0199966430664,99.05000305175781,99.00830078125,99.00830078125,94.76961517333984,7728
135,2021-04-16,100.88999938964844,100.88999938964844,98.7699966430664,99.24469757080078,94.9958724975586,4517
136,2021-04-19,99.12000274658203,99.12999725341797,98.98500061035156,99.1011962890625,94.8585205078125,4561
137,2021-04-20,98.79000091552734,99.30000305175781,98.79000091552734,99.04409790039062,94.80387115478516,3736
138,2021-04-21,99.01000213623047,99.01000213623047,98.9000015258789,98.97049713134766,94.73342895507812,997
139,2021-04-22,98.92500305175781,99.04000091552734,98.86000061035156,99.0009994506836,94.76261901855469,1599
140,2021-04-23,99.01000213623047,99.01000213623047,98.88009643554688,98.9800033569336,94.74252319335938,1888
141,2021-04-26,99.0,99.0,98.908203125,98.97000122070312,94.73295593261719,2503
142,2021-04-27,98.94999694824219,98.94999694824219,98.81999969482422,98.83260345458984,94.6014404296875,1317
143,2021-04-28,98.87999725341797,98.88639831542969,98.76000213623047,98.88639831542969,94.65292358398438,1002
144,2021-04-29,98.80999755859375,98.9000015258789,98.80000305175781,98.8550033569336,94.62287139892578,2466
145,2021-04-30,98.91999816894531,98.93000030517578,98.87999725341797,98.88929748535156,94.65570068359375,1922
146,2021-05-03,98.91000366210938,98.94499969482422,98.91000366210938,98.9446029663086,94.70863342285156,2307
147,2021-05-04,98.95999908447266,99.05000305175781,98.95999908447266,98.98500061035156,94.74729919433594,2847
148,2021-05-05,99.0,99.05999755859375,98.99400329589844,99.05999755859375,94.819091796875,2950
149,2021-05-06,99.0999984741211,99.10099792480469,99.03099822998047,99.07499694824219,94.83345031738281,4313
150,2021-05-07,99.1500015258789,99.21499633789062,99.14749908447266,99.14749908447266,94.90283966064453,1834
151,2021-05-10,99.19999694824219,99.19999694824219,99.06999969482422,99.11000061035156,94.86695098876953,2968
152,2021-05-11,99.11000061035156,99.11000061035156,99.11000061035156,99.11000061035156,94.86695098876953,0
153,2021-05-12,99.11000061035156,99.11000061035156,99.11000061035156,99.11000061035156,94.86695098876953,0
154,2021-05-13,99.11000061035156,99.11000061035156,99.11000061035156,99.11000061035156,94.86695098876953,0
155,2021-05-14,99.11000061035156,99.11000061035156,99.11000061035156,99.11000061035156,94.86695098876953,0
156,2021-05-17,99.11000061035156,99.11000061035156,99.11000061035156,99.11000061035156,94.86695098876953,0
157,2021-05-18,99.11000061035156,99.11000061035156,99.11000061035156,99.11000061035156,94.86695098876953,0
158,2021-05-19,99.11000061035156,99.11000061035156,99.11000061035156,99.11000061035156,94.86695098876953,0
159,2021-05-20,99.11000061035156,99.11000061035156,99.11000061035156,99.11000061035156,94.86695098876953,0
160,2021-05-21,99.11000061035156,99.11000061035156,99.11000061035156,99.11000061035156,94.86695098876953,0
161,2021-05-24,99.11000061035156,99.11000061035156,99.11000061035156,99.11000061035156,94.86695098876953,0
162,2021-05-25,99.11000061035156,99.11000061035156,99.11000061035156,99.11000061035156,94.86695098876953,0
163,2021-05-26,99.11000061035156,99.11000061035156,99.11000061035156,99.11000061035156,94.86695098876953,0
164,2021-05-27,99.11000061035156,99.11000061035156,99.11000061035156,99.11000061035156,94.86695098876953,0
165,2021-05-28,99.11000061035156,99.11000061035156,99.11000061035156,99.11000061035156,94.86695098876953,0
166,2021-06-01,99.11000061035156,99.11000061035156,99.11000061035156,99.11000061035156,94.86695098876953,0
167,2021-06-02,99.11000061035156,99.11000061035156,99.11000061035156,99.11000061035156,94.86695098876953,0
168,2021-06-03,99.11000061035156,99.11000061035156,99.11000061035156,99.11000061035156,94.86695098876953,0
169,2021-06-04,99.11000061035156,99.11000061035156,99.11000061035156,99.11000061035156,94.86695098876953,0
170,2021-06-07,99.11000061035156,99.11000061035156,99.11000061035156,99.11000061035156,94.86695098876953,0
171,2021-06-08,99.11000061035156,99.11000061035156,99.11000061035156,99.11000061035156,94.86695098876953,0
172,2021-06-09,99.11000061035156,99.11000061035156,99.11000061035156,99.11000061035156,94.86695098876953,0
173,2021-06-10,99.11000061035156,99.11000061035156,99.11000061035156,99.11000061035156,94.86695098876953,0
174,2021-06-11,99.11000061035156,99.11000061035156,99.11000061035156,99.11000061035156,94.86695098876953,0
175,2021-06-14,99.11000061035156,99.11000061035156,99.11000061035156,99.11000061035156,94.86695098876953,0
176,2021-06-15,99.11000061035156,99.11000061035156,99.11000061035156,99.11000061035156,94.86695098876953,0
177,2021-06-16,99.11000061035156,99.11000061035156,99.11000061035156,99.11000061035156,94.86695098876953,0
178,2021-06-17,99.11000061035156,99.11000061035156,99.11000061035156,99.11000061035156,94.86695098876953,0
179,2021-06-18,99.11000061035156,99.11000061035156,99.11000061035156,99.11000061035156,94.86695098876953,0
180,2021-06-21,99.11000061035156,99.11000061035156,99.11000061035156,99.11000061035156,94.86695098876953,0
181,2021-06-22,99.11000061035156,99.11000061035156,99.11000061035156,99.11000061035156,94.86695098876953,0
182,2021-06-23,99.11000061035156,99.11000061035156,99.11000061035156,99.11000061035156,94.86695098876953,0
183,2021-06-24,99.11000061035156,99.11000061035156,99.11000061035156,99.11000061035156,94.86695098876953,0
184,2021-06-25,99.11000061035156,99.11000061035156,99.11000061035156,99.11000061035156,94.86695098876953,0
185,2021-06-28,99.11000061035156,99.11000061035156,99.11000061035156,99.11000061035156,94.89510345458984,0
186,2021-06-29,99.11000061035156,99.11000061035156,99.11000061035156,99.11000061035156,94.89510345458984,0
187,2021-06-30,99.11000061035156,99.11000061035156,99.11000061035156,99.11000061035156,94.89510345458984,0
188,2021-07-01,99.11000061035156,99.11000061035156,99.11000061035156,99.11000061035156,94.89510345458984,0
189,2021-07-02,99.11000061035156,99.11000061035156,99.11000061035156,99.11000061035156,94.89510345458984,0
190,2021-07-06,99.11000061035156,99.11000061035156,99.11000061035156,99.11000061035156,94.89510345458984,0
191,2021-07-07,99.11000061035156,99.11000061035156,99.11000061035156,99.11000061035156,94.89510345458984,0
192,2021-07-08,99.11000061035156,99.11000061035156,99.11000061035156,99.11000061035156,94.89510345458984,0
193,2021-07-09,99.11000061035156,99.11000061035156,99.11000061035156,99.11000061035156,94.89510345458984,0
194,2021-07-12,99.11000061035156,99.11000061035156,99.11000061035156,99.11000061035156,94.89510345458984,0
195,2021-07-13,99.11000061035156,99.11000061035156,99.11000061035156,99.11000061035156,94.89510345458984,0
196,2021-07-14,99.11000061035156,99.11000061035156,99.11000061035156,99.11000061035156,94.89510345458984,0
197,2021-07-15,99.11000061035156,99.11000061035156,99.11000061035156,99.11000061035156,94.89510345458984,0
198,2021-07-16,99.11000061035156,99.11000061035156,99.11000061035156,99.11000061035156,94.89510345458984,0
199,2021-07-19,99.66000366210938,99.66500091552734,99.58499908447266,99.65029907226562,95.41242980957031,20415
200,2021-07-20,99.7073974609375,99.7073974609375,99.7073974609375,99.7073974609375,95.46709442138672,37
201,2021-07-21,99.55500030517578,99.55500030517578,99.54830169677734,99.54830169677734,95.31478118896484,158
202,2021-07-22,99.63999938964844,99.64520263671875,99.63819885253906,99.63819885253906,95.40084838867188,203
203,2021-07-23,99.62010192871094,99.69000244140625,99.62010192871094,99.64099884033203,95.40351867675781,14144
204,2021-07-26,99.67500305175781,99.67500305175781,99.63899993896484,99.65249633789062,95.41453552246094,1736
205,2021-07-27,99.71540069580078,99.71540069580078,99.71540069580078,99.71540069580078,95.4747543334961,14
206,2021-07-28,99.69499969482422,99.75499725341797,99.69499969482422,99.75499725341797,95.5126724243164,163
207,2021-07-29,99.68099975585938,99.70369720458984,99.68000030517578,99.70369720458984,95.46356201171875,509
208,2021-07-30,99.69999694824219,99.77670288085938,99.69999694824219,99.77670288085938,95.533447265625,213
209,2021-08-02,99.9010009765625,99.9010009765625,99.9010009765625,99.9010009765625,95.65247344970703,254
210,2021-08-03,99.90470123291016,99.90470123291016,99.90470123291016,99.90470123291016,95.656005859375,5
211,2021-08-04,99.84660339355469,99.84660339355469,99.84660339355469,99.84660339355469,95.60039520263672,55
212,2021-08-05,99.73500061035156,99.73500061035156,99.73500061035156,99.73500061035156,95.4935302734375,73
213,2021-08-06,99.55850219726562,99.55850219726562,99.55850219726562,99.55850219726562,95.32454681396484,4
214,2021-08-09,99.47740173339844,99.47740173339844,99.47740173339844,99.47740173339844,95.24689483642578,4
215,2021-08-10,99.3948974609375,99.3948974609375,99.38929748535156,99.38929748535156,95.16252899169922,118
216,2021-08-11,99.44999694824219,99.46929931640625,99.38999938964844,99.46929931640625,95.23912811279297,530
217,2021-08-12,99.4489974975586,99.4489974975586,99.44499969482422,99.44499969482422,95.21585845947266,243
218,2021-08-13,99.5824966430664,99.5824966430664,99.5824966430664,99.5824966430664,95.3475112915039,4
219,2021-08-16,99.63999938964844,99.64959716796875,99.63999938964844,99.64959716796875,95.4117660522461,120
220,2021-08-17,99.18000030517578,99.5999984741211,99.18000030517578,99.5999984741211,95.36427307128906,326
221,2021-08-18,99.57499694824219,99.57499694824219,99.55000305175781,99.55000305175781,95.31640625,425
222,2021-08-19,99.6050033569336,99.6050033569336,99.6050033569336,99.6050033569336,95.36905670166016,136
223,2021-08-20,99.5696029663086,99.5696029663086,99.5696029663086,99.5696029663086,95.33516693115234,4
224,2021-08-23,99.59320068359375,99.59320068359375,99.59320068359375,99.59320068359375,95.35777282714844,138
225,2021-08-24,99.54100036621094,99.58000183105469,99.53500366210938,99.53500366210938,95.30205535888672,910
226,2021-08-25,99.44499969482422,99.44499969482422,99.44499969482422,99.44499969482422,95.21585845947266,94
227,2021-08-26,99.44000244140625,99.45850372314453,99.44000244140625,99.45850372314453,95.22879791259766,2006
228,2021-08-27,99.5864028930664,99.5864028930664,99.5864028930664,99.5864028930664,95.35125732421875,2
229,2021-08-30,99.68499755859375,99.68499755859375,99.68499755859375,99.68499755859375,95.4456558227539,74
230,2021-08-31,99.6500015258789,99.69499969482422,99.63999938964844,99.69499969482422,95.45523071289062,126287
231,2021-09-01,99.71900177001953,99.71900177001953,99.68000030517578,99.68000030517578,95.44086456298828,103
232,2021-09-02,99.76000213623047,99.76000213623047,99.72000122070312,99.72019958496094,95.47936248779297,572
233,2021-09-03,99.72000122070312,99.75,99.69000244140625,99.69000244140625,95.45043182373047,1509
234,2021-09-07,99.57599639892578,99.57599639892578,99.55509948730469,99.55509948730469,95.3212890625,862
235,2021-09-08,99.61000061035156,99.61000061035156,99.61000061035156,99.61000061035156,95.37384796142578,200
236,2021-09-09,99.7249984741211,99.7249984741211,99.7249984741211,99.7249984741211,95.48396301269531,24
237,2021-09-10,99.63500213623047,99.63500213623047,99.63500213623047,99.63500213623047,95.39776611328125,13
238,2021-09-13,99.56439971923828,99.61499786376953,99.56439971923828,99.61499786376953,95.37863159179688,209
239,2021-09-14,99.73500061035156,99.73500061035156,99.69000244140625,99.73500061035156,95.4935302734375,1008
240,2021-09-15,99.70989990234375,99.70989990234375,99.66000366210938,99.66000366210938,95.42170715332031,102
241,2021-09-16,99.53009796142578,99.58000183105469,99.52999877929688,99.58000183105469,95.34512329101562,877
242,2021-09-17,99.38999938964844,99.46499633789062,99.38999938964844,99.46499633789062,95.2350082397461,502
243,2021-09-20,99.41010284423828,99.625,99.41010284423828,99.625,95.38821411132812,110
244,2021-09-21,99.58779907226562,99.58999633789062,99.58779907226562,99.58999633789062,95.35468292236328,464
245,2021-09-22,99.55000305175781,99.55000305175781,99.55000305175781,99.55000305175781,95.31640625,122
246,2021-09-23,99.39990234375,99.39990234375,99.26000213623047,99.2947006225586,95.07196044921875,2339
247,2021-09-24,99.19999694824219,99.19999694824219,99.19000244140625,99.19000244140625,94.97169494628906,171
248,2021-09-27,99.18000030517578,99.18000030517578,99.18000030517578,99.18000030517578,94.96212768554688,52
249,2021-09-28,98.96499633789062,98.96499633789062,98.96499633789062,98.96499633789062,94.87340545654297,12
250,2021-09-29,98.98490142822266,98.98490142822266,98.98490142822266,98.98490142822266,94.89249420166016,33
251,2021-09-30,99.0199966430664,99.0199966430664,99.0199966430664,99.0199966430664,94.92613983154297,76
252,2021-10-01,99.18000030517578,99.18000030517578,99.18000030517578,99.18000030517578,95.07953643798828,18
253,2021-10-04,99.1500015258789,99.1500015258789,99.1500015258789,99.1500015258789,95.05076599121094,6
254,2021-10-05,99.06500244140625,99.06500244140625,99.06500244140625,99.06500244140625,94.96928405761719,16
255,2021-10-06,99.05999755859375,99.05999755859375,99.05999755859375,99.05999755859375,94.96448516845703,5
256,2021-10-07,98.90969848632812,98.91500091552734,98.90969848632812,98.91500091552734,94.82548522949219,252
257,2021-10-08,98.86000061035156,98.86000061035156,98.86000061035156,98.86000061035156,94.77276611328125,6
258,2021-10-11,98.76499938964844,98.76499938964844,98.72440338134766,98.72440338134766,94.64276123046875,125
259,2021-10-12,98.82499694824219,98.82499694824219,98.82499694824219,98.82499694824219,94.73920440673828,26
260,2021-10-13,98.83699798583984,98.83699798583984,98.83699798583984,98.83699798583984,94.7507095336914,51
261,2021-10-14,98.94000244140625,98.94000244140625,98.94000244140625,98.94000244140625,94.84945678710938,6
262,2021-10-15,98.7750015258789,98.7750015258789,98.7750015258789,98.7750015258789,94.6912841796875,4
263,2021-10-18,98.66999816894531,98.66999816894531,98.66999816894531,98.66999816894531,94.59062957763672,2
264,2021-10-19,98.58000183105469,98.59500122070312,98.58000183105469,98.59500122070312,94.51873016357422,254
265,2021-10-20,98.56999969482422,98.69000244140625,98.56999969482422,98.67449951171875,94.59493255615234,845
266,2021-10-21,98.4749984741211,98.4749984741211,98.4749984741211,98.4749984741211,94.4036865234375,100
267,2021-10-22,98.4000015258789,98.51180267333984,98.4000015258789,98.51180267333984,94.43896484375,205
268,2021-10-25,98.56999969482422,98.56999969482422,98.56999969482422,98.56999969482422,94.4947509765625,48
269,2021-10-26,98.62999725341797,98.62999725341797,98.62999725341797,98.62999725341797,94.55225372314453,50716
270,2021-10-27,98.7699966430664,98.7699966430664,98.7699966430664,98.7699966430664,94.68647766113281,8
271,2021-10-28,98.63999938964844,98.6500015258789,98.63999938964844,98.6500015258789,94.57144165039062,307
272,2021-10-29,98.68060302734375,98.68060302734375,98.68060302734375,98.68060302734375,94.60077667236328,7
273,2021-11-01,98.66999816894531,98.68000030517578,98.52999877929688,98.61720275878906,94.53998565673828,1840
274,2021-11-02,98.75,98.75,98.75,98.75,94.66730499267578,157
275,2021-11-03,98.69999694824219,98.7699966430664,98.69499969482422,98.69499969482422,94.61457824707031,610
276,2021-11-04,98.91010284423828,98.91010284423828,98.91010284423828,98.91010284423828,94.82079315185547,41
277,2021-11-05,99.04499816894531,99.11000061035156,99.01000213623047,99.11000061035156,95.01242065429688,924
278,2021-11-08,98.94999694824219,98.97989654541016,98.87999725341797,98.92500305175781,94.83507537841797,2454
279,2021-11-09,99.06400299072266,99.06400299072266,99.06400299072266,99.06400299072266,94.96833038330078,4
280,2021-11-10,98.69999694824219,98.69999694824219,98.69999694824219,98.69999694824219,94.61936950683594,9
281,2021-11-11,98.58499908447266,98.58499908447266,98.58499908447266,98.58499908447266,94.5091323852539,12
282,2021-11-12,98.7300033569336,98.7300033569336,98.55000305175781,98.6343002319336,94.55638885498047,1549
283,2021-11-15,98.5071029663086,98.5071029663086,98.5071029663086,98.5071029663086,94.43445587158203,3
284,2021-11-16,98.5000991821289,98.5000991821289,98.44999694824219,98.44999694824219,94.37970733642578,466
285,2021-11-17,98.52999877929688,98.52999877929688,98.52999877929688,98.52999877929688,94.4563980102539,42
286,2021-11-18,98.63999938964844,98.63999938964844,98.58000183105469,98.58000183105469,94.50434112548828,1041
287,2021-11-19,98.6050033569336,98.6050033569336,98.6050033569336,98.6050033569336,94.52830505371094,338
288,2021-11-22,98.2699966430664,98.2699966430664,98.2699966430664,98.2699966430664,94.20714569091797,26
289,2021-11-23,98.17250061035156,98.17250061035156,98.17250061035156,98.17250061035156,94.11368560791016,4
290,2021-11-24,98.18499755859375,98.18499755859375,98.18499755859375,98.18499755859375,94.12565612792969,12
291,2021-11-26,98.59989929199219,98.59989929199219,98.5479965209961,98.5479965209961,94.4736557006836,174
292,2021-11-29,98.55000305175781,98.58999633789062,98.55000305175781,98.56500244140625,94.4899673461914,2489
293,2021-11-30,98.88999938964844,98.88999938964844,98.6405029296875,98.6405029296875,94.56233978271484,354054
294,2021-12-01,98.61270141601562,98.61270141601562,98.61270141601562,98.61270141601562,94.53568267822266,13
295,2021-12-02,98.5824966430664,98.5824966430664,98.5824966430664,98.5824966430664,94.50672149658203,5
296,2021-12-03,98.79000091552734,98.80339813232422,98.76809692382812,98.76809692382812,94.68465423583984,2036
297,2021-12-06,98.59500122070312,98.59500122070312,98.59500122070312,98.59500122070312,94.51873016357422,38
298,2021-12-07,98.51000213623047,98.51000213623047,98.51000213623047,98.51000213623047,94.43722534179688,88
299,2021-12-08,98.39099884033203,98.44499969482422,98.39099884033203,98.44499969482422,94.37492370605469,752
300,2021-12-09,98.4800033569336,98.49459838867188,98.46880340576172,98.46880340576172,94.3977279663086,308
301,2021-12-10,98.51000213623047,98.51000213623047,98.51000213623047,98.51000213623047,94.43722534179688,71
302,2021-12-13,98.56659698486328,98.63500213623047,98.56659698486328,98.63500213623047,94.55705261230469,1116
303,2021-12-14,98.54499816894531,98.54499816894531,98.54499816894531,98.54499816894531,94.47077178955078,3
304,2021-12-15,98.43399810791016,98.443603515625,98.43399810791016,98.443603515625,94.44353485107422,1005
305,2021-12-16,98.63099670410156,98.65119934082031,98.62449645996094,98.65119934082031,94.6427001953125,597
306,2021-12-17,98.63999938964844,98.63999938964844,98.63999938964844,98.63999938964844,94.6319580078125,54
307,2021-12-20,98.6449966430664,98.6449966430664,98.6449966430664,98.6449966430664,94.63676452636719,48
308,2021-12-21,98.5,98.5,98.5,98.5,94.49765014648438,199
309,2021-12-22,98.591796875,98.591796875,98.591796875,98.591796875,94.58570861816406,2
310,2021-12-23,98.52999877929688,98.54170227050781,98.52999877929688,98.54170227050781,94.53766632080078,505
311,2021-12-27,98.54000091552734,98.55000305175781,98.2699966430664,98.55000305175781,94.54561614990234,2513
312,2021-12-28,98.61000061035156,98.61000061035156,98.58999633789062,98.58999633789062,94.583984375,160
313,2021-12-29,98.47000122070312,98.48500061035156,98.47000122070312,98.48500061035156,94.4832534790039,402
314,2021-12-30,98.6094970703125,98.6094970703125,98.6094970703125,98.6094970703125,94.60269165039062,83
315,2021-12-31,98.58499908447266,98.58499908447266,98.58499908447266,98.58499908447266,94.57919311523438,5
316,2022-01-03,98.30999755859375,98.30999755859375,98.2947006225586,98.2947006225586,94.30068969726562,177
317,2022-01-04,98.27999877929688,98.29149627685547,98.27999877929688,98.29149627685547,94.29761505126953,356148
318,2022-01-05,98.25,98.2699966430664,98.09010314941406,98.09639739990234,94.11044311523438,356863
319,2022-01-06,97.98500061035156,97.98500061035156,97.98500061035156,97.98500061035156,94.00357055664062,104
320,2022-01-07,97.89459991455078,97.89459991455078,97.89459991455078,97.89459991455078,93.9168472290039,3
321,2022-01-10,97.83999633789062,97.9000015258789,97.83000183105469,97.84510040283203,93.8693618774414,8362
322,2022-01-11,97.8499984741211,97.92230224609375,97.8499984741211,97.92230224609375,93.94342803955078,103
323,2022-01-12,97.92500305175781,97.92500305175781,97.91999816894531,97.91999816894531,93.94121551513672,104
324,2022-01-13,97.99099731445312,97.99099731445312,97.99099731445312,97.99099731445312,94.00933074951172,2
325,2022-01-14,97.80850219726562,97.80850219726562,97.73500061035156,97.73500061035156,93.76372528076172,133
326,2022-01-18,97.44000244140625,97.44000244140625,97.41069793701172,97.41069793701172,93.45260620117188,163
327,2022-01-19,97.50499725341797,97.50499725341797,97.49420166015625,97.49420166015625,93.53272247314453,103
328,2022-01-20,97.50260162353516,97.50260162353516,97.50260162353516,97.50260162353516,93.54078674316406,2
329,2022-01-21,97.69000244140625,97.69000244140625,97.69000244140625,97.69000244140625,93.72056579589844,84
330,2022-01-24,97.7698974609375,97.83999633789062,97.71019744873047,97.71019744873047,93.73993682861328,6378
331,2022-01-25,97.67009735107422,97.67009735107422,97.63159942626953,97.63159942626953,93.66453552246094,106
332,2022-01-26,97.3395004272461,97.3395004272461,97.3395004272461,97.3395004272461,93.38430786132812,5
333,2022-01-27,97.38899993896484,97.38899993896484,97.30999755859375,97.30999755859375,93.35600280761719,206
334,2022-01-28,97.31099700927734,97.41210174560547,97.31099700927734,97.41210174560547,93.45394897460938,925
335,2022-01-31,97.45099639892578,97.45099639892578,97.41739654541016,97.41739654541016,93.45903778076172,935
336,2022-02-01,97.40499877929688,97.40499877929688,97.4000015258789,97.4000015258789,93.44234466552734,280
337,2022-02-02,97.47419738769531,97.47419738769531,97.47419738769531,97.47419738769531,93.5135269165039,4
338,2022-02-03,97.30899810791016,97.30989837646484,97.25499725341797,97.30989837646484,93.35591125488281,221
339,2022-02-04,96.92900085449219,96.92900085449219,96.92500305175781,96.92500305175781,92.98664855957031,104
340,2022-02-07,96.95040130615234,96.96839904785156,96.95040130615234,96.96839904785156,93.02828216552734,502
341,2022-02-08,96.82769775390625,96.82769775390625,96.82769775390625,96.82769775390625,92.89329528808594,3
342,2022-02-09,96.8550033569336,96.8550033569336,96.8550033569336,96.8550033569336,92.91948699951172,2
343,2022-02-10,96.28379821777344,96.28379821777344,96.28379821777344,96.28379821777344,92.37149810791016,2
344,2022-02-11,96.6854019165039,96.6854019165039,96.6854019165039,96.6854019165039,92.75679016113281,4
345,2022-02-14,96.42430114746094,96.42430114746094,96.42430114746094,96.42430114746094,92.50630187988281,13
346,2022-02-15,96.35900115966797,96.35900115966797,96.3550033569336,96.3550033569336,92.43981170654297,103
347,2022-02-16,96.43409729003906,96.43409729003906,96.43409729003906,96.43409729003906,92.51570129394531,2
348,2022-02-17,96.56719970703125,96.56719970703125,96.56719970703125,96.56719970703125,92.64337158203125,4
349,2022-02-18,96.64230346679688,96.64230346679688,96.64230346679688,96.64230346679688,92.71543884277344,2
350,2022-02-22,96.54000091552734,96.55000305175781,96.5239028930664,96.5239028930664,92.60183715820312,156012
351,2022-02-23,96.3904037475586,96.3904037475586,96.3904037475586,96.3904037475586,92.47378540039062,22
352,2022-02-24,96.48159790039062,96.48159790039062,96.48159790039062,96.48159790039062,92.56126403808594,48
353,2022-02-25,96.49500274658203,96.49500274658203,96.49500274658203,96.49500274658203,92.5741195678711,10
354,2022-02-28,96.93910217285156,96.93910217285156,96.93910217285156,96.93910217285156,93.00018310546875,43
355,2022-03-01,97.27999877929688,97.29209899902344,97.27999877929688,97.29209899902344,93.33883666992188,107
356,2022-03-02,97.05000305175781,97.05000305175781,96.7510986328125,96.7510986328125,92.81980895996094,316
357,2022-03-03,96.7938003540039,96.7938003540039,96.7938003540039,96.7938003540039,92.86077880859375,4
358,2022-03-04,97.056396484375,97.056396484375,97.056396484375,97.056396484375,93.11270141601562,14
359,2022-03-07,96.81780242919922,96.81780242919922,96.81780242919922,96.81780242919922,92.88380432128906,2
360,2022-03-08,96.46499633789062,96.46499633789062,96.46499633789062,96.46499633789062,92.54533386230469,23
361,2022-03-09,96.26190185546875,96.26190185546875,96.26190185546875,96.26190185546875,92.35047912597656,30
362,2022-03-10,96.08499908447266,96.08499908447266,96.08499908447266,96.08499908447266,92.1807861328125,5
363,2022-03-11,96.03009796142578,96.03009796142578,96.03009796142578,96.03009796142578,92.12810516357422,139
364,2022-03-14,95.5593032836914,95.5593032836914,95.5593032836914,95.5593032836914,91.67644500732422,31
365,2022-03-15,95.54080200195312,95.54080200195312,95.54080200195312,95.54080200195312,91.65869140625,26
366,2022-03-16,95.48580169677734,95.48580169677734,95.48580169677734,95.48580169677734,91.6059341430664,20
367,2022-03-17,95.59980010986328,95.59980010986328,95.59980010986328,95.59980010986328,91.71529388427734,23
368,2022-03-18,95.70169830322266,95.70169830322266,95.70169830322266,95.70169830322266,91.81305694580078,11
369,2022-03-21,95.1500015258789,95.16919708251953,95.14009857177734,95.15119934082031,91.28492736816406,503
370,2022-03-22,94.99700164794922,94.99700164794922,94.99700164794922,94.99700164794922,91.13699340820312,7
371,2022-03-23,95.2136001586914,95.2136001586914,95.2136001586914,95.2136001586914,91.34478759765625,1
372,2022-03-24,95.08650207519531,95.08650207519531,95.08650207519531,95.08650207519531,91.22283935546875,4
373,2022-03-25,94.62090301513672,94.62090301513672,94.62090301513672,94.62090301513672,90.77617645263672,5
374,2022-03-28,94.64620208740234,94.64620208740234,94.64620208740234,94.64620208740234,90.80044555664062,11
375,2022-03-29,94.5199966430664,94.64700317382812,94.5199966430664,94.64700317382812,90.9655532836914,1004
376,2022-03-30,94.71099853515625,94.83920288085938,94.70999908447266,94.83920288085938,91.15027618408203,2615
377,2022-03-31,95.00890350341797,95.00890350341797,94.87149810791016,94.87149810791016,91.18131256103516,906
378,2022-04-01,94.61000061035156,95.06999969482422,94.51000213623047,94.51000213623047,90.83387756347656,19678
379,2022-04-04,94.61000061035156,94.61000061035156,94.61000061035156,94.61000061035156,90.92999267578125,11
380,2022-04-05,94.18000030517578,94.18000030517578,94.16500091552734,94.16500091552734,90.5022964477539,462
381,2022-04-06,94.06999969482422,94.11100006103516,94.06999969482422,94.0999984741211,90.4398193359375,2898
382,2022-04-07,94.11000061035156,94.11000061035156,94.07530212402344,94.07530212402344,90.41609191894531,543
383,2022-04-08,93.86509704589844,93.86509704589844,93.86509704589844,93.86509704589844,90.21405792236328,1482
384,2022-04-11,93.70999908447266,93.70999908447266,93.68350219726562,93.68350219726562,90.0395278930664,327
385,2022-04-12,94.03130340576172,94.03130340576172,94.03130340576172,94.03130340576172,90.37379455566406,5
386,2022-04-13,94.05560302734375,94.05560302734375,94.05560302734375,94.05560302734375,90.39715576171875,1305
387,2022-04-14,93.71499633789062,93.71499633789062,93.71499633789062,93.71499633789062,90.06979370117188,3
388,2022-04-18,93.66500091552734,93.66500091552734,93.66500091552734,93.66500091552734,90.0217514038086,2
389,2022-04-19,93.27539825439453,93.27539825439453,93.27539825439453,93.27539825439453,89.64729309082031,6221
390,2022-04-20,93.4000015258789,93.4000015258789,93.4000015258789,93.4000015258789,89.76705932617188,127
391,2022-04-21,93.22920227050781,93.22920227050781,93.22920227050781,93.22920227050781,89.60289764404297,3
392,2022-04-22,93.1636962890625,93.1636962890625,93.1636962890625,93.1636962890625,89.53994750976562,7
393,2022-04-25,93.4000015258789,93.44999694824219,93.4000015258789,93.44999694824219,89.81510162353516,404
394,2022-04-26,93.6500015258789,93.68060302734375,93.61489868164062,93.68060302734375,90.0367431640625,450
395,2022-04-27,93.62000274658203,93.62000274658203,93.51490020751953,93.51490020751953,89.87748718261719,514
396,2022-04-28,93.31050109863281,93.40280151367188,93.31050109863281,93.40280151367188,89.7697525024414,320
397,2022-04-29,93.26000213623047,93.2699966430664,93.23870086669922,93.23870086669922,89.61203002929688,11026
398,2022-05-02,92.88860321044922,92.88860321044922,92.88860321044922,92.88860321044922,89.27555084228516,2
399,2022-05-03,93.0999984741211,93.0999984741211,92.94519805908203,92.94519805908203,89.3299331665039,755
400,2022-05-04,92.87999725341797,93.27670288085938,92.87999725341797,93.27670288085938,89.64854431152344,803
401,2022-05-05,92.98100280761719,92.98100280761719,92.79000091552734,92.96050262451172,89.34465789794922,436
402,2022-05-06,92.79000091552734,92.79000091552734,92.79000091552734,92.79000091552734,89.1807861328125,63
403,2022-05-09,92.91000366210938,93.08080291748047,92.91000366210938,93.08080291748047,89.46027374267578,1373
404,2022-05-10,93.19000244140625,93.19999694824219,93.19000244140625,93.19170379638672,89.56685638427734,399
405,2022-05-11,93.30999755859375,93.30999755859375,93.30999755859375,93.30999755859375,89.68055725097656,20
406,2022-05-12,93.47969818115234,93.47969818115234,93.47969818115234,93.47969818115234,89.8436508178711,29
407,2022-05-13,93.30500030517578,93.30500030517578,93.30500030517578,93.30500030517578,89.67573547363281,11
408,2022-05-16,93.52989959716797,93.52989959716797,93.45999908447266,93.4749984741211,89.8391342163086,614
409,2022-05-17,93.0896987915039,93.0896987915039,93.0896987915039,93.0896987915039,89.46881866455078,3
410,2022-05-18,93.26000213623047,93.29000091552734,93.24500274658203,93.24500274658203,89.61808013916016,601
411,2022-05-19,93.44429779052734,93.44429779052734,93.44429779052734,93.44429779052734,89.80963134765625,2
412,2022-05-20,93.6095962524414,93.6095962524414,93.6095962524414,93.6095962524414,89.96849822998047,7
413,2022-05-23,93.41999816894531,93.41999816894531,93.41999816894531,93.41999816894531,89.78626251220703,3
414,2022-05-24,93.84989929199219,93.84989929199219,93.8124008178711,93.8124008178711,90.16341400146484,199
415,2022-05-25,94.00789642333984,94.00789642333984,94.00789642333984,94.00789642333984,90.35130310058594,82
416,2022-05-26,93.99400329589844,94.08999633789062,93.99400329589844,94.08999633789062,90.43020629882812,250
417,2022-05-27,94.08999633789062,94.13999938964844,94.08999633789062,94.13999938964844,90.47827911376953,147
418,2022-05-31,93.77999877929688,93.7925033569336,93.75499725341797,93.7925033569336,90.14430236816406,268
419,2022-06-01,93.55999755859375,93.55999755859375,93.45140075683594,93.49500274658203,89.85836029052734,391
420,2022-06-02,93.54499816894531,93.54499816894531,93.54499816894531,93.54499816894531,89.90641021728516,2
421,2022-06-03,93.44999694824219,93.62999725341797,93.44999694824219,93.45439910888672,89.8193359375,1692
422,2022-06-06,93.1990966796875,93.1990966796875,93.1990966796875,93.1990966796875,89.57396697998047,3
423,2022-06-07,93.31790161132812,93.31790161132812,93.31790161132812,93.31790161132812,89.68814849853516,7
424,2022-06-08,93.17500305175781,93.17500305175781,93.17500305175781,93.17500305175781,89.55081176757812,3
425,2022-06-09,93.07959747314453,93.07959747314453,93.05000305175781,93.05000305175781,89.4306640625,181
426,2022-06-10,92.72000122070312,92.72000122070312,92.43260192871094,92.43260192871094,88.83727264404297,153
427,2022-06-13,91.7699966430664,91.7699966430664,91.5270004272461,91.5270004272461,87.96690368652344,114
428,2022-06-14,91.17839813232422,91.17839813232422,91.17839813232422,91.17839813232422,87.6318588256836,18
429,2022-06-15,91.86000061035156,91.86000061035156,91.86000061035156,91.86000061035156,88.28694915771484,12
430,2022-06-16,92.07510375976562,92.07510375976562,92.07510375976562,92.07510375976562,88.49369812011719,2
431,2022-06-17,92.03780364990234,92.03780364990234,92.03780364990234,92.03780364990234,88.45784759521484,52
432,2022-06-21,91.90499877929688,91.90499877929688,91.90499877929688,91.90499877929688,88.33020782470703,12
433,2022-06-22,92.39469909667969,92.39469909667969,92.39469909667969,92.39469909667969,88.80084991455078,1
434,2022-06-23,92.59760284423828,92.59760284423828,92.59760284423828,92.59760284423828,88.99586486816406,90
435,2022-06-24,92.5999984741211,92.5999984741211,92.54499816894531,92.54499816894531,88.94529724121094,270
436,2022-06-27,92.39700317382812,92.39700317382812,92.31700134277344,92.31700134277344,88.72618103027344,366
437,2022-06-28,92.2145004272461,92.2145004272461,92.2145004272461,92.2145004272461,88.70391845703125,7
438,2022-06-29,92.43000030517578,92.5,92.42990112304688,92.5,88.97855377197266,487
439,2022-06-30,92.87789916992188,92.87789916992188,92.87789916992188,92.87789916992188,89.34207153320312,98
440,2022-07-01,93.42500305175781,93.42500305175781,93.42500305175781,93.42500305175781,89.86833953857422,84
441,2022-07-05,93.55000305175781,93.55000305175781,93.55000305175781,93.55000305175781,89.98858642578125,110
442,2022-07-06,93.18499755859375,93.18499755859375,93.10140228271484,93.10140228271484,89.55706787109375,302
443,2022-07-07,92.91500091552734,92.91500091552734,92.91500091552734,92.91500091552734,89.37776947021484,4
444,2022-07-08,92.76000213623047,92.76000213623047,92.76000213623047,92.76000213623047,89.22865295410156,1
445,2022-07-11,92.95210266113281,92.95210266113281,92.95210266113281,92.95210266113281,89.41343688964844,3
446,2022-07-12,93.0999984741211,93.0999984741211,93.0999984741211,93.0999984741211,89.55571746826172,4
447,2022-07-13,93.06680297851562,93.12580108642578,93.06680297851562,93.12580108642578,89.58052062988281,186
448,2022-07-14,92.99669647216797,92.99669647216797,92.99669647216797,92.99669647216797,89.45633697509766,2
449,2022-07-15,93.09500122070312,93.09500122070312,93.09500122070312,93.09500122070312,89.5509033203125,2
450,2022-07-18,92.8499984741211,93.04499816894531,92.8499984741211,93.04499816894531,89.50279998779297,134
451,2022-07-19,92.83670043945312,92.83670043945312,92.83670043945312,92.83670043945312,89.30242919921875,3
452,2022-07-20,92.78500366210938,92.78500366210938,92.78500366210938,92.78500366210938,89.2527084350586,1
453,2022-07-21,93.31610107421875,93.31610107421875,93.31610107421875,93.31610107421875,89.76358032226562,37
454,2022-07-22,93.78109741210938,93.78109741210938,93.78109741210938,93.78109741210938,90.21088409423828,76
455,2022-07-25,93.6500015258789,93.6500015258789,93.6500015258789,93.6500015258789,90.08476257324219,3
456,2022-07-26,93.77989959716797,93.77989959716797,93.59880065917969,93.59880065917969,90.0355224609375,482
457,2022-07-27,93.7699966430664,93.91000366210938,93.7699966430664,93.91000366210938,90.33487701416016,103
458,2022-07-28,94.36000061035156,94.36000061035156,94.33499908447266,94.33499908447266,90.74369812011719,402
459,2022-07-29,94.38999938964844,94.41500091552734,94.38999938964844,94.41500091552734,90.8206558227539,371
460,2022-08-01,94.52999877929688,94.52999877929688,94.49500274658203,94.49500274658203,90.89761352539062,365
461,2022-08-02,94.2249984741211,94.2249984741211,93.80000305175781,93.84500122070312,90.27234649658203,10729
462,2022-08-03,93.6500015258789,93.98320007324219,93.6500015258789,93.98320007324219,90.40528869628906,376
463,2022-08-04,94.05000305175781,94.1843032836914,94.05000305175781,94.1843032836914,90.5987319946289,9768
464,2022-08-05,93.59480285644531,93.59480285644531,93.59480285644531,93.59480285644531,90.03167724609375,1
465,2022-08-08,93.7750015258789,93.7750015258789,93.7750015258789,93.7750015258789,90.20500946044922,24
466,2022-08-09,93.56159973144531,93.61160278320312,93.56159973144531,93.61160278320312,90.04783630371094,403
467,2022-08-10,93.9000015258789,93.9000015258789,93.8949966430664,93.8949966430664,90.32044982910156,236
468,2022-08-11,93.55609893798828,93.55609893798828,93.55609893798828,93.55609893798828,89.99445343017578,18
469,2022-08-12,93.71299743652344,93.71299743652344,93.71299743652344,93.71299743652344,90.14537048339844,7
470,2022-08-15,93.95989990234375,93.95989990234375,93.87429809570312,93.87429809570312,90.30052947998047,157
471,2022-08-16,93.74230194091797,93.74230194091797,93.74230194091797,93.74230194091797,90.17355346679688,3
472,2022-08-17,93.427001953125,93.427001953125,93.427001953125,93.427001953125,89.8702621459961,2
473,2022-08-18,93.55000305175781,93.55000305175781,93.5250015258789,93.52510070800781,89.9646224975586,6692
474,2022-08-19,93.30000305175781,93.30000305175781,93.30000305175781,93.30000305175781,89.74810028076172,1
475,2022-08-22,93.10009765625,93.10009765625,93.05500030517578,93.05500030517578,89.51242065429688,348
476,2022-08-23,93.04499816894531,93.04499816894531,93.0072021484375,93.0072021484375,89.46643829345703,4602
477,2022-08-24,92.83999633789062,92.8583984375,92.83000183105469,92.8583984375,89.32330322265625,1259
478,2022-08-25,93.11239624023438,93.11239624023438,93.11239624023438,93.11239624023438,89.56763458251953,1
479,2022-08-26,93.0199966430664,93.0199966430664,93.00499725341797,93.00499725341797,89.46432495117188,226
480,2022-08-29,92.7593002319336,92.7593002319336,92.73999786376953,92.73999786376953,89.20941162109375,799
481,2022-08-30,92.69660186767578,92.69660186767578,92.69660186767578,92.69660186767578,89.16766357421875,3
482,2022-08-31,92.69999694824219,92.72000122070312,92.66500091552734,92.66500091552734,89.13726806640625,2715
483,2022-09-01,92.28500366210938,92.30000305175781,92.28399658203125,92.28399658203125,88.7707748413086,756
484,2022-09-02,92.56999969482422,92.57009887695312,92.5250015258789,92.57009887695312,89.04598236083984,2001
485,2022-09-06,92.11740112304688,92.11740112304688,92.11740112304688,92.11740112304688,88.61051177978516,19
486,2022-09-07,92.30999755859375,92.41419982910156,92.30999755859375,92.41419982910156,88.89602661132812,293
487,2022-09-08,92.27429962158203,92.27429962158203,92.27429962158203,92.27429962158203,88.76143646240234,4
488,2022-09-09,92.22119903564453,92.22119903564453,92.22119903564453,92.22119903564453,88.71036529541016,58
489,2022-09-12,92.17330169677734,92.17330169677734,92.17330169677734,92.17330169677734,88.66429901123047,36
490,2022-09-13,91.70999908447266,91.75879669189453,91.69999694824219,91.75879669189453,88.26557159423828,2403
491,2022-09-14,91.6510009765625,91.79000091552734,91.6500015258789,91.72840118408203,88.236328125,1854
492,2022-09-15,91.58499908447266,91.58499908447266,91.54499816894531,91.54499816894531,88.0599136352539,127
493,2022-09-16,91.6449966430664,91.6449966430664,91.6449966430664,91.6449966430664,88.15608978271484,4
494,2022-09-19,91.44999694824219,91.44999694824219,91.44889831542969,91.44889831542969,87.96746826171875,116
495,2022-09-20,91.21980285644531,91.2300033569336,91.21499633789062,91.22660064697266,87.75363159179688,2316
496,2022-09-21,91.13009643554688,91.31990051269531,91.13009643554688,91.31500244140625,87.83866882324219,7816
497,2022-09-22,90.76959991455078,90.80000305175781,90.69049835205078,90.73500061035156,87.2807388305664,8384
498,2022-09-23,90.51100158691406,90.65989685058594,90.45999908447266,90.5999984741211,87.15088653564453,14798
499,2022-09-26,90.34010314941406,90.34010314941406,89.94999694824219,89.95999908447266,86.53524780273438,1669
500,2022-09-27,90.02999877929688,90.02999877929688,89.70999908447266,89.70999908447266,86.29476165771484,2803
501,2022-09-28,89.73290252685547,90.0740966796875,89.65689849853516,90.0740966796875,87.11994171142578,877
502,2022-09-29,89.79000091552734,89.83999633789062,89.79000091552734,89.81279754638672,86.86721801757812,1090
503,2022-09-30,90.0,90.0,89.67220306396484,89.67220306396484,86.73123168945312,2654
504,2022-10-03,90.2699966430664,90.42990112304688,90.25360107421875,90.25659942626953,87.29646301269531,738
505,2022-10-04,90.58000183105469,90.58000183105469,90.44560241699219,90.44560241699219,87.47926330566406,157
506,2022-10-05,90.07209777832031,90.07209777832031,90.07209777832031,90.07209777832031,87.11800384521484,44
507,2022-10-06,89.94000244140625,89.94000244140625,89.94000244140625,89.94000244140625,86.99024963378906,145
508,2022-10-07,89.6104965209961,89.6104965209961,89.6104965209961,89.6104965209961,86.67154693603516,2
509,2022-10-10,89.47840118408203,89.47840118408203,89.47840118408203,89.47840118408203,86.54379272460938,11
510,2022-10-11,89.44100189208984,89.46849822998047,89.44010162353516,89.46849822998047,86.5342025756836,861
511,2022-10-12,89.55269622802734,89.55269622802734,89.55269622802734,89.55269622802734,86.61563873291016,2
512,2022-10-13,89.30599975585938,89.30599975585938,89.30599975585938,89.30599975585938,86.37703704833984,2
513,2022-10-14,89.14409637451172,89.14409637451172,89.14409637451172,89.14409637451172,86.22045135498047,4
514,2022-10-17,89.26190185546875,89.26190185546875,89.21289825439453,89.21289825439453,86.28699493408203,169
515,2022-10-18,89.3302001953125,89.3302001953125,89.3302001953125,89.3302001953125,86.40045166015625,28
516,2022-10-19,88.89179992675781,88.89179992675781,88.89179992675781,88.89179992675781,85.9764175415039,30
517,2022-10-20,88.60900115966797,88.60900115966797,88.60900115966797,88.60900115966797,85.7029037475586,100
518,2022-10-21,88.8895034790039,88.8895034790039,88.8895034790039,88.8895034790039,85.97420501708984,131
519,2022-10-24,88.88009643554688,88.89900207519531,88.88009643554688,88.88009643554688,85.9651107788086,115
520,2022-10-25,89.26629638671875,89.31950378417969,89.26629638671875,89.26629638671875,86.33863830566406,136
521,2022-10-26,89.38500213623047,89.48500061035156,89.38500213623047,89.44049835205078,86.50713348388672,3815
522,2022-10-27,89.70999908447266,89.7699966430664,89.70999908447266,89.75299835205078,86.80937194824219,2269
523,2022-10-28,89.54000091552734,89.55819702148438,89.5199966430664,89.54440307617188,86.60762786865234,1384
524,2022-10-31,89.41999816894531,89.44000244140625,89.23999786376953,89.2936019897461,86.36504364013672,4217
525,2022-11-01,89.32689666748047,89.32689666748047,89.32689666748047,89.32689666748047,86.3972396850586,36
526,2022-11-02,89.41950225830078,89.41950225830078,89.21160125732422,89.21160125732422,86.28573608398438,135
527,2022-11-03,89.00340270996094,89.00340270996094,89.00340270996094,89.00340270996094,86.0843734741211,262
528,2022-11-04,89.10160064697266,89.10160064697266,89.10160064697266,89.10160064697266,86.1793441772461,2
529,2022-11-07,88.9572982788086,88.9572982788086,88.9572982788086,88.9572982788086,86.0397720336914,2
530,2022-11-08,88.98999786376953,89.18009948730469,88.87999725341797,89.17980194091797,86.2549819946289,3775
531,2022-11-09,89.20999908447266,89.3499984741211,89.20999908447266,89.26000213623047,86.33255004882812,18223
532,2022-11-10,90.38999938964844,90.44190216064453,90.26100158691406,90.42440032958984,87.4587631225586,24776
533,2022-11-11,90.55000305175781,90.55000305175781,90.36499786376953,90.375,87.41098022460938,715
534,2022-11-14,90.1968994140625,90.28119659423828,90.1968994140625,90.25489807128906,87.29480743408203,1646
535,2022-11-15,90.55000305175781,90.61689758300781,90.55000305175781,90.61689758300781,87.64494323730469,112
536,2022-11-16,90.72000122070312,90.83100128173828,90.69999694824219,90.83100128173828,87.8520278930664,375
537,2022-11-17,90.4813003540039,90.59500122070312,90.4813003540039,90.56529998779297,87.59503173828125,458
538,2022-11-18,90.385498046875,90.385498046875,90.385498046875,90.385498046875,87.421142578125,2
539,2022-11-21,90.54000091552734,90.54000091552734,90.34490203857422,90.34490203857422,87.38186645507812,6309
540,2022-11-22,90.47000122070312,90.47000122070312,90.47000122070312,90.47000122070312,87.50286865234375,103
541,2022-11-23,90.72000122070312,90.74500274658203,90.72000122070312,90.74500274658203,87.76885223388672,383
542,2022-11-25,90.69499969482422,90.779296875,90.69499969482422,90.779296875,87.8020248413086,352
543,2022-11-28,90.80960083007812,90.80960083007812,90.80960083007812,90.80960083007812,87.83132934570312,2440
544,2022-11-29,90.61509704589844,90.61509704589844,90.61509704589844,90.61509704589844,87.64320373535156,123
545,2022-11-30,90.4999008178711,90.95999908447266,90.4800033569336,90.95999908447266,87.97679901123047,494
546,2022-12-01,91.32499694824219,91.51609802246094,91.32499694824219,91.51609802246094,88.51466369628906,14968
547,2022-12-02,91.60009765625,91.60009765625,91.60009765625,91.60009765625,88.59590148925781,2
548,2022-12-05,91.25499725341797,91.30000305175781,91.15489959716797,91.15489959716797,88.16529846191406,1397
549,2022-12-06,91.30999755859375,91.30999755859375,91.30999755859375,91.30999755859375,88.31532287597656,103
550,2022-12-07,91.65989685058594,91.69490051269531,91.6532974243164,91.69490051269531,88.68759155273438,715
551,2022-12-08,91.51210021972656,91.51210021972656,91.51210021972656,91.51210021972656,88.51078796386719,3
552,2022-12-09,91.31390380859375,91.31390380859375,91.31390380859375,91.31390380859375,88.319091796875,52
553,2022-12-12,91.4209976196289,91.4209976196289,91.2197036743164,91.2197036743164,88.22798156738281,248
554,2022-12-13,91.90499877929688,91.90499877929688,91.63490295410156,91.63490295410156,88.62955474853516,6260
555,2022-12-14,91.55999755859375,91.74210357666016,91.55999755859375,91.74210357666016,88.7332534790039,102
556,2022-12-15,91.73500061035156,91.78459930419922,91.73500061035156,91.78459930419922,88.77434539794922,1204
557,2022-12-16,91.74710083007812,91.74710083007812,91.74710083007812,91.74710083007812,88.73807525634766,55
558,2022-12-19,91.48989868164062,91.48989868164062,91.4354019165039,91.4354019165039,88.43660736083984,491
559,2022-12-20,91.18489837646484,91.18489837646484,91.18489837646484,91.18489837646484,88.19432067871094,13
560,2022-12-21,90.9656982421875,90.9656982421875,90.9656982421875,90.9656982421875,88.33517456054688,171
561,2022-12-22,90.94519805908203,90.94519805908203,90.94519805908203,90.94519805908203,88.31526184082031,2
562,2022-12-23,90.77100372314453,90.80449676513672,90.76000213623047,90.80449676513672,88.17863464355469,1308
563,2022-12-27,90.50959777832031,90.50959777832031,90.50959777832031,90.50959777832031,87.89225769042969,15
564,2022-12-28,90.4209976196289,90.43470001220703,90.4209976196289,90.43470001220703,87.81953430175781,168
565,2022-12-29,90.59230041503906,90.59230041503906,90.59230041503906,90.59230041503906,87.97257232666016,84
566,2022-12-30,90.43170166015625,90.43170166015625,90.43170166015625,90.43170166015625,87.81661224365234,33
567,2023-01-03,90.59100341796875,90.6187973022461,90.56999969482422,90.6187973022461,87.998291015625,1715
568,2023-01-04,90.87920379638672,90.87920379638672,90.87920379638672,90.87920379638672,88.25117492675781,103
569,2023-01-05,90.75140380859375,90.75140380859375,90.75140380859375,90.75140380859375,88.1270751953125,11
570,2023-01-06,90.91999816894531,91.4083023071289,90.91999816894531,91.4083023071289,88.76498413085938,11299
571,2023-01-09,91.42900085449219,91.5999984741211,91.42900085449219,91.5999984741211,88.95112609863281,3790
572,2023-01-10,91.33999633789062,91.44000244140625,91.33999633789062,91.38610076904297,88.743408203125,6504
573,2023-01-11,91.52999877929688,91.64070129394531,91.51899719238281,91.64070129394531,88.99063873291016,4053
574,2023-01-12,92.06929779052734,92.06929779052734,92.06929779052734,92.06929779052734,89.40685272216797,3
575,2023-01-13,91.91000366210938,91.91000366210938,91.82990264892578,91.83519744873047,89.17951965332031,3913
576,2023-01-17,91.91000366210938,91.91000366210938,91.81159973144531,91.81159973144531,89.15660858154297,1304
577,2023-01-18,92.23999786376953,92.41000366210938,92.23500061035156,92.3550033569336,89.68429565429688,7402
578,2023-01-19,92.25,92.27999877929688,92.25,92.27519989013672,89.60680389404297,203
579,2023-01-20,92.08000183105469,92.08000183105469,91.97000122070312,92.03500366210938,89.37355041503906,405
580,2023-01-23,91.92500305175781,91.98999786376953,91.92500305175781,91.95999908447266,89.30071258544922,1839
581,2023-01-24,92.02999877929688,92.0656967163086,92.02999877929688,92.0656967163086,89.40335083007812,203
582,2023-01-25,92.04000091552734,92.0999984741211,92.04000091552734,92.0999984741211,89.4366683959961,143
583,2023-01-26,92.0999984741211,92.0999984741211,91.98580169677734,91.98580169677734,89.3257827758789,353
584,2023-01-27,91.90029907226562,91.90029907226562,91.90029907226562,91.90029907226562,89.24274444580078,7
585,2023-01-30,91.77989959716797,91.77989959716797,91.76499938964844,91.76499938964844,89.1113510131836,150
586,2023-01-31,91.9625015258789,91.9625015258789,91.9625015258789,91.9625015258789,89.30315399169922,3
587,2023-02-01,92.01499938964844,92.3676986694336,92.01499938964844,92.3676986694336,89.6966323852539,2703
588,2023-02-02,92.40409851074219,92.40409851074219,92.40409851074219,92.40409851074219,89.73197174072266,79
589,2023-02-03,91.9000015258789,91.9000015258789,91.86000061035156,91.86180114746094,89.20536041259766,400
590,2023-02-06,91.48999786376953,91.48999786376953,91.40399932861328,91.40399932861328,88.76079559326172,103
591,2023-02-07,91.44999694824219,91.44999694824219,91.36299896240234,91.36299896240234,88.72098541259766,555
592,2023-02-08,91.4760971069336,91.4760971069336,91.4760971069336,91.4760971069336,88.83080291748047,1550
593,2023-02-09,91.48999786376953,91.48999786376953,91.27510070800781,91.27510070800781,88.63562774658203,403
594,2023-02-10,91.1500015258789,91.1500015258789,91.09500122070312,91.09500122070312,88.46073150634766,741
595,2023-02-13,91.1458969116211,91.1458969116211,91.09989929199219,91.12100219726562,88.48599243164062,1594
596,2023-02-14,90.80000305175781,90.8772964477539,90.80000305175781,90.8772964477539,88.24932861328125,103
597,2023-02-15,90.83499908447266,90.83499908447266,90.83499908447266,90.83499908447266,88.20824432373047,8
598,2023-02-16,90.83000183105469,90.83000183105469,90.83000183105469,90.83000183105469,88.20339965820312,401
599,2023-02-17,90.81770324707031,90.81770324707031,90.81770324707031,90.81770324707031,88.19145202636719,15
600,2023-02-21,90.5,90.5,90.5,90.5,87.88294219970703,401
601,2023-02-22,90.53990173339844,90.53990173339844,90.43000030517578,90.43150329589844,87.81642150878906,269
602,2023-02-23,90.52999877929688,90.59100341796875,90.52999877929688,90.59100341796875,87.97130584716797,202
603,2023-02-24,90.30000305175781,90.30000305175781,90.28900146484375,90.29499816894531,87.68387603759766,1348
604,2023-02-27,90.4000015258789,90.41000366210938,90.4000015258789,90.40670013427734,87.7923355102539,226
605,2023-02-28,90.33000183105469,90.435302734375,90.33000183105469,90.435302734375,87.82011413574219,203
606,2023-03-01,90.1500015258789,90.20999908447266,90.1500015258789,90.20999908447266,87.60132598876953,272
607,2023-03-02,90.0199966430664,90.08499908447266,90.0199966430664,90.08499908447266,87.47994232177734,202
608,2023-03-03,90.20999908447266,90.35859680175781,90.20999908447266,90.35859680175781,87.74562072753906,543
609,2023-03-06,90.4000015258789,90.4000015258789,90.4000015258789,90.4000015258789,87.78582000732422,428
610,2023-03-07,90.23999786376953,90.23999786376953,90.20999908447266,90.20999908447266,87.60132598876953,319
611,2023-03-08,90.23999786376953,90.25,90.01899719238281,90.01899719238281,87.41584014892578,359
612,2023-03-09,90.42630004882812,90.42630004882812,90.42630004882812,90.42630004882812,87.81137084960938,94
613,2023-03-10,91.12529754638672,91.12529754638672,91.12529754638672,91.12529754638672,88.49015808105469,66
614,2023-03-13,92.00990295410156,92.20999908447266,91.82430267333984,91.82430267333984,89.1689453125,214
615,2023-03-14,91.55000305175781,91.55000305175781,91.40840148925781,91.40840148925781,88.76507568359375,119
616,2023-03-15,92.2699966430664,92.2699966430664,92.06700134277344,92.06700134277344,89.40462493896484,108
617,2023-03-16,91.63600158691406,91.63600158691406,91.63600158691406,91.63600158691406,88.98609924316406,61
618,2023-03-17,92.34459686279297,92.34459686279297,92.34459686279297,92.34459686279297,89.67417907714844,4
619,2023-03-20,92.08000183105469,92.08000183105469,92.08000183105469,92.08000183105469,89.41724395751953,78
620,2023-03-21,91.83000183105469,91.83000183105469,91.7655029296875,91.7655029296875,89.11185455322266,235
621,2023-03-22,92.47509765625,92.47509765625,92.47509765625,92.47509765625,89.8009262084961,208
622,2023-03-23,92.80979919433594,92.80979919433594,92.80979919433594,92.80979919433594,90.12593841552734,19
623,2023-03-24,92.83589935302734,92.83589935302734,92.83589935302734,92.83589935302734,90.15129089355469,38
624,2023-03-27,92.35009765625,92.35009765625,92.2666015625,92.2666015625,89.59844970703125,114
625,2023-03-28,92.16310119628906,92.16310119628906,92.16310119628906,92.16310119628906,89.49794006347656,10
626,2023-03-29,91.80999755859375,91.81800079345703,91.80999755859375,91.81520080566406,89.51641845703125,752
627,2023-03-30,91.87560272216797,91.87560272216797,91.87560272216797,91.87560272216797,89.57530975341797,2
628,2023-03-31,91.94000244140625,92.18499755859375,91.94000244140625,92.18499755859375,89.87696075439453,106
629,2023-04-03,92.3499984741211,92.47219848632812,92.34269714355469,92.47219848632812,90.15696716308594,4949
630,2023-04-04,92.74099731445312,92.81500244140625,92.73999786376953,92.81500244140625,90.49118041992188,973
631,2023-04-05,93.01969909667969,93.01969909667969,92.93920135498047,92.93920135498047,90.61227416992188,1611
632,2023-04-06,92.92120361328125,92.92120361328125,92.92120361328125,92.92120361328125,90.59473419189453,100
633,2023-04-10,92.49150085449219,92.49150085449219,92.49150085449219,92.49150085449219,90.17578887939453,4
634,2023-04-11,92.50990295410156,92.50990295410156,92.46890258789062,92.46890258789062,90.15374755859375,168
635,2023-04-12,92.61000061035156,92.62999725341797,92.58999633789062,92.61689758300781,90.29803466796875,812
636,2023-04-13,92.60919952392578,92.60919952392578,92.60919952392578,92.60919952392578,90.29053497314453,7
637,2023-04-14,92.36499786376953,92.36499786376953,92.36499786376953,92.36499786376953,90.05245208740234,104
638,2023-04-17,92.13009643554688,92.13009643554688,92.11499786376953,92.11499786376953,89.80870819091797,226
639,2023-04-18,92.16000366210938,92.16000366210938,92.16000366210938,92.16000366210938,89.85258483886719,906
640,2023-04-19,92.01110076904297,92.01110076904297,92.01110076904297,92.01110076904297,89.7074203491211,3
641,2023-04-20,92.28520202636719,92.28520202636719,92.28520202636719,92.28520202636719,89.97464752197266,2
642,2023-04-21,92.20999908447266,92.26499938964844,92.20999908447266,92.26499938964844,89.95494842529297,1090
643,2023-04-24,92.32479858398438,92.40350341796875,92.32479858398438,92.40350341796875,90.0899887084961,1011
644,2023-04-25,92.70500183105469,92.92949676513672,92.70500183105469,92.90619659423828,90.5801010131836,1510
645,2023-04-26,92.76499938964844,92.76499938964844,92.76499938964844,92.76499938964844,90.44243621826172,58
646,2023-04-27,92.44499969482422,92.44499969482422,92.44499969482422,92.44499969482422,90.13044738769531,2
647,2023-04-28,92.68229675292969,92.68229675292969,92.68229675292969,92.68229675292969,90.36180877685547,41
648,2023-05-01,92.5199966430664,92.54000091552734,92.33000183105469,92.33489990234375,90.02310180664062,4388
649,2023-05-02,92.7699966430664,92.78199768066406,92.76100158691406,92.77459716796875,90.45179748535156,856
650,2023-05-03,93.10369873046875,93.10369873046875,93.10369873046875,93.10369873046875,90.77265167236328,4
651,2023-05-04,93.26499938964844,93.38999938964844,93.16000366210938,93.16000366210938,90.82755279541016,119712
652,2023-05-05,92.86399841308594,92.86399841308594,92.86399841308594,92.86399841308594,90.53894805908203,136
653,2023-05-08,92.6449966430664,92.69999694824219,92.55999755859375,92.58419799804688,90.26615905761719,5138
654,2023-05-09,92.55000305175781,92.59500122070312,92.55000305175781,92.59500122070312,90.27669525146484,907
655,2023-05-10,92.85590362548828,92.93579864501953,92.85590362548828,92.93579864501953,90.60895538330078,261
656,2023-05-11,93.12000274658203,93.14990234375,93.11000061035156,93.13999938964844,90.80805206298828,1659
657,2023-05-12,93.02999877929688,93.02999877929688,92.7938003540039,92.7938003540039,90.47052001953125,1048
658,2023-05-15,92.72350311279297,92.72350311279297,92.72350311279297,92.72350311279297,90.4019775390625,2
659,2023-05-16,92.56320190429688,92.56320190429688,92.56320190429688,92.56320190429688,90.24569702148438,25
660,2023-05-17,92.37090301513672,92.37090301513672,92.37090301513672,92.37090301513672,90.0582046508789,3
661,2023-05-18,92.16999816894531,92.16999816894531,92.0999984741211,92.0999984741211,89.79408264160156,1603
662,2023-05-19,91.96929931640625,91.96929931640625,91.96929931640625,91.96929931640625,89.66665649414062,5
663,2023-05-22,91.9458999633789,91.9458999633789,91.91329956054688,91.91329956054688,89.612060546875,197
664,2023-05-23,92.01799774169922,92.01799774169922,91.97760009765625,91.97760009765625,89.67475128173828,407
665,2023-05-24,91.83200073242188,91.83200073242188,91.83200073242188,91.83200073242188,89.53279113769531,73
666,2023-05-25,91.481201171875,91.481201171875,91.481201171875,91.481201171875,89.19078063964844,19
667,2023-05-26,91.3759994506836,91.49140167236328,91.3759994506836,91.49140167236328,89.20072937011719,341
668,2023-05-30,91.66500091552734,91.89959716796875,91.66500091552734,91.89959716796875,89.59869384765625,3606
669,2023-05-31,92.10060119628906,92.10060119628906,92.10060119628906,92.10060119628906,89.79467010498047,279
670,2023-06-01,92.25189971923828,92.25189971923828,92.19969940185547,92.24240112304688,89.93292236328125,1037
671,2023-06-02,91.86979675292969,91.86979675292969,91.86979675292969,91.86979675292969,89.56964111328125,4
672,2023-06-05,91.90750122070312,91.90750122070312,91.90750122070312,91.90750122070312,89.60640716552734,4
673,2023-06-06,91.85690307617188,91.85690307617188,91.85690307617188,91.85690307617188,89.55707550048828,5
674,2023-06-07,91.57460021972656,91.57460021972656,91.57460021972656,91.57460021972656,89.2818374633789,52
675,2023-06-08,91.86699676513672,91.86699676513672,91.86699676513672,91.86699676513672,89.5669174194336,2
676,2023-06-09,91.6500015258789,91.6500015258789,91.6406021118164,91.6406021118164,89.34618377685547,160
677,2023-06-12,91.62000274658203,91.73090362548828,91.61000061035156,91.73090362548828,89.43423461914062,109286
678,2023-06-13,91.64009857177734,91.64009857177734,91.375,91.375,89.08723449707031,3203
679,2023-06-14,91.45999908447266,91.45999908447266,91.45999908447266,91.45999908447266,89.17010498046875,179
680,2023-06-15,91.82499694824219,91.82499694824219,91.82499694824219,91.82499694824219,89.52597045898438,47
681,2023-06-16,91.61499786376953,91.61499786376953,91.61499786376953,91.61499786376953,89.32122802734375,49
682,2023-06-20,91.77660369873047,91.77660369873047,91.77660369873047,91.77660369873047,89.47879028320312,7
683,2023-06-21,91.63999938964844,91.76480102539062,91.63999938964844,91.76480102539062,89.46726989746094,3501
684,2023-06-22,91.54900360107422,91.54900360107422,91.5270004272461,91.5270004272461,89.23543548583984,198
685,2023-06-23,91.61000061035156,91.65499877929688,91.61000061035156,91.65499877929688,89.36022186279297,110039
686,2023-06-26,91.7645034790039,91.7645034790039,91.7645034790039,91.7645034790039,89.46698760986328,862
687,2023-06-27,91.56490325927734,91.56490325927734,91.56490325927734,91.56490325927734,89.27239227294922,6
688,2023-06-28,91.60189819335938,91.60189819335938,91.60189819335938,91.60189819335938,89.47334289550781,8
689,2023-06-29,91.15969848632812,91.15969848632812,91.15969848632812,91.15969848632812,89.04141235351562,30
690,2023-06-30,91.27189636230469,91.27189636230469,91.27189636230469,91.27189636230469,89.1510009765625,78
691,2023-07-03,91.12000274658203,91.12000274658203,91.12000274658203,91.12000274658203,89.00264739990234,114
692,2023-07-05,90.91529846191406,90.91529846191406,90.91529846191406,90.91529846191406,88.80269622802734,14
693,2023-07-06,90.5697021484375,90.57109832763672,90.5697021484375,90.57109832763672,88.46649169921875,365
694,2023-07-07,90.6050033569336,90.6050033569336,90.6050033569336,90.6050033569336,88.4996109008789,5
695,2023-07-10,90.88629913330078,90.88629913330078,90.88629913330078,90.88629913330078,88.77437591552734,7
696,2023-07-11,90.98989868164062,90.98989868164062,90.94920349121094,90.94999694824219,88.83659362792969,2623
697,2023-07-12,91.31999969482422,91.5199966430664,91.31999969482422,91.44539642333984,89.32047271728516,9504
698,2023-07-13,91.9010009765625,91.91000366210938,91.87999725341797,91.87999725341797,89.74497985839844,6518
699,2023-07-14,91.70999908447266,91.72989654541016,91.70999908447266,91.71700286865234,89.58576965332031,57723
700,2023-07-17,91.58000183105469,91.65409851074219,91.58000183105469,91.65409851074219,89.52433013916016,24002
701,2023-07-18,91.86990356445312,91.86990356445312,91.69529724121094,91.69529724121094,89.56456756591797,1602
702,2023-07-19,91.83000183105469,91.83599853515625,91.83000183105469,91.83399963378906,89.7000503540039,241
703,2023-07-20,91.41500091552734,91.51419830322266,91.41500091552734,91.51419830322266,89.38768005371094,5118
704,2023-07-21,91.56500244140625,91.56500244140625,91.55419921875,91.55419921875,89.42675018310547,187
705,2023-07-24,91.65630340576172,91.65630340576172,91.41739654541016,91.41739654541016,89.29313659667969,703
706,2023-07-25,91.32990264892578,91.3447036743164,91.32990264892578,91.3447036743164,89.22211456298828,282
707,2023-07-26,91.31999969482422,91.47000122070312,91.31999969482422,91.47000122070312,89.34451293945312,370
708,2023-07-27,91.26000213623047,91.29000091552734,91.05899810791016,91.0947036743164,88.97793579101562,35551
709,2023-07-28,91.24980163574219,91.30000305175781,91.24500274658203,91.30000305175781,89.178466796875,2170
710,2023-07-31,91.3936996459961,91.44999694824219,91.30999755859375,91.34750366210938,89.22486114501953,6198
711,2023-08-01,91.11799621582031,91.11799621582031,91.11799621582031,91.11799621582031,89.00068664550781,7
712,2023-08-02,91.05290222167969,91.05290222167969,91.05290222167969,91.05290222167969,88.93709564208984,48
713,2023-08-03,90.84100341796875,90.84100341796875,90.62999725341797,90.8062973022461,88.69622802734375,19669
714,2023-08-04,91.05999755859375,91.32530212402344,91.05999755859375,91.32530212402344,89.20317077636719,1528
715,2023-08-07,91.26499938964844,91.29000091552734,91.25550079345703,91.25550079345703,89.1349868774414,2623
716,2023-08-08,91.4489974975586,91.4489974975586,91.42769622802734,91.42769622802734,89.30319213867188,240
717,2023-08-09,91.4010009765625,91.41510009765625,91.4010009765625,91.41510009765625,89.2908935546875,612
718,2023-08-10,91.43990325927734,91.45989990234375,91.13459777832031,91.13459777832031,89.01689147949219,1146
719,2023-08-11,90.93000030517578,90.93000030517578,90.86270141601562,90.86270141601562,88.7513198852539,283
720,2023-08-14,90.75479888916016,90.75479888916016,90.75479888916016,90.75479888916016,88.64592742919922,2
721,2023-08-15,90.69999694824219,90.69999694824219,90.69999694824219,90.69999694824219,88.59239959716797,2
722,2023-08-16,90.80000305175781,90.80000305175781,90.5458984375,90.5458984375,88.44187927246094,102
723,2023-08-17,90.52899932861328,90.55490112304688,90.52899932861328,90.55490112304688,88.45067596435547,468
724,2023-08-18,90.66929626464844,90.66929626464844,90.66929626464844,90.66929626464844,88.56241607666016,3
725,2023-08-21,90.43990325927734,90.43990325927734,90.4000015258789,90.40740203857422,88.30660247802734,663
726,2023-08-22,90.3936996459961,90.3936996459961,90.3936996459961,90.3936996459961,88.29322052001953,3
727,2023-08-23,90.84989929199219,90.84989929199219,90.84989929199219,90.84989929199219,88.73882293701172,2
728,2023-08-24,90.73410034179688,90.73410034179688,90.73410034179688,90.73410034179688,88.6257095336914,3
729,2023-08-25,90.65139770507812,90.65139770507812,90.65139770507812,90.65139770507812,88.54492950439453,10
730,2023-08-28,90.743896484375,90.79550170898438,90.743896484375,90.79550170898438,88.68568420410156,286
731,2023-08-29,91.01000213623047,91.16999816894531,91.01000213623047,91.16999816894531,89.05147552490234,2141
732,2023-08-30,91.14689636230469,91.14689636230469,91.14689636230469,91.14689636230469,89.02891540527344,3
733,2023-08-31,91.29000091552734,91.29720306396484,91.29000091552734,91.29720306396484,89.17572021484375,752
734,2023-09-01,91.08679962158203,91.08679962158203,91.08679962158203,91.08679962158203,88.97021484375,2
735,2023-09-05,90.90550231933594,90.90550231933594,90.83000183105469,90.83000183105469,88.71937561035156,754
736,2023-09-06,90.83999633789062,90.83999633789062,90.65180206298828,90.65180206298828,88.54531860351562,518
737,2023-09-07,90.8687973022461,90.8687973022461,90.8687973022461,90.8687973022461,88.75727844238281,6
738,2023-09-08,90.87999725341797,90.89089965820312,90.8499984741211,90.8635025024414,88.75210571289062,404
739,2023-09-11,90.82499694824219,90.82499694824219,90.82499694824219,90.82499694824219,88.71449279785156,13
740,2023-09-12,90.80000305175781,90.82499694824219,90.80000305175781,90.82499694824219,88.71449279785156,471
741,2023-09-13,90.90509796142578,90.90509796142578,90.90509796142578,90.90509796142578,88.79273223876953,158
742,2023-09-14,90.84839630126953,90.84839630126953,90.84839630126953,90.84839630126953,88.73735046386719,2
743,2023-09-15,90.74759674072266,90.74759674072266,90.74759674072266,90.74759674072266,88.6388931274414,6
744,2023-09-18,90.75,90.75,90.75,90.75,88.64124298095703,15
745,2023-09-19,90.57679748535156,90.57679748535156,90.57679748535156,90.57679748535156,88.47206115722656,2
746,2023-09-20,90.55999755859375,90.55999755859375,90.5062026977539,90.5062026977539,88.40310668945312,240
747,2023-09-21,90.29789733886719,90.33989715576172,90.29789733886719,90.3125991821289,88.21399688720703,1054
748,2023-09-22,90.44999694824219,90.48359680175781,90.44000244140625,90.48359680175781,88.38103485107422,452
749,2023-09-25,90.25070190429688,90.25070190429688,90.25070190429688,90.25070190429688,88.1535415649414,11
750,2023-09-26,90.25990295410156,90.25990295410156,90.22969818115234,90.22969818115234,88.13301849365234,113
751,2023-09-27,89.08560180664062,89.08560180664062,89.08560180664062,89.08560180664062,87.92410278320312,1
752,2023-09-28,89.04499816894531,89.29219818115234,89.04499816894531,89.29219818115234,88.12800598144531,2347
753,2023-09-29,89.37000274658203,89.37000274658203,89.29460144042969,89.29460144042969,88.13037872314453,289
754,2023-10-02,88.95850372314453,88.95850372314453,88.95850372314453,88.95850372314453,87.79866027832031,20
755,2023-10-03,88.67500305175781,88.67500305175781,88.67500305175781,88.67500305175781,87.51885223388672,3
756,2023-10-04,88.97000122070312,88.97000122070312,88.97000122070312,88.97000122070312,87.81001281738281,2
757,2023-10-05,89.06999969482422,89.06999969482422,89.06999969482422,89.06999969482422,87.90870666503906,128
758,2023-10-06,88.90670013427734,88.90670013427734,88.88970184326172,88.88970184326172,87.73075866699219,156
759,2023-10-09,89.42839813232422,89.42839813232422,89.42839813232422,89.42839813232422,88.2624282836914,3
760,2023-10-10,89.3550033569336,89.3550033569336,89.3550033569336,89.3550033569336,88.18999481201172,4
761,2023-10-11,89.4480972290039,89.4480972290039,89.4480972290039,89.4480972290039,88.28186798095703,78
762,2023-10-12,89.15010070800781,89.15010070800781,89.15010070800781,89.15010070800781,87.98776245117188,16
763,2023-10-13,89.3499984741211,89.3499984741211,89.3499984741211,89.3499984741211,88.18505096435547,64
764,2023-10-16,89.05999755859375,89.1449966430664,89.05999755859375,89.1449966430664,87.98272705078125,343
765,2023-10-17,88.69000244140625,88.69000244140625,88.69000244140625,88.69000244140625,87.5336685180664,144
766,2023-10-18,88.49410247802734,88.49410247802734,88.49410247802734,88.49410247802734,87.34031677246094,3
767,2023-10-19,88.43049621582031,88.43049621582031,88.43049621582031,88.43049621582031,87.27754211425781,100
768,2023-10-20,88.69999694824219,88.69999694824219,88.61000061035156,88.69409942626953,87.53770446777344,328
769,2023-10-23,88.88140106201172,88.88140106201172,88.88140106201172,88.88140106201172,87.72257232666016,17
770,2023-10-24,88.93699645996094,88.93699645996094,88.93699645996094,88.93699645996094,87.77743530273438,80
771,2023-10-25,88.63500213623047,88.63500213623047,88.63500213623047,88.63500213623047,87.47937774658203,6
772,2023-10-26,88.96499633789062,88.97440338134766,88.96499633789062,88.97440338134766,87.81436157226562,256
773,2023-10-27,89.0698013305664,89.0698013305664,89.0698013305664,89.0698013305664,87.90850830078125,2
774,2023-10-30,88.91549682617188,88.93000030517578,88.91549682617188,88.93000030517578,87.7705307006836,293
775,2023-10-31,88.9000015258789,88.96890258789062,88.89749908447266,88.89749908447266,87.73845672607422,959
776,2023-11-01,89.20950317382812,89.36920166015625,89.18730163574219,89.36920166015625,88.20401000976562,1096
777,2023-11-02,89.58450317382812,89.5999984741211,89.5199966430664,89.57460021972656,88.40673065185547,1369
778,2023-11-03,90.02999877929688,90.11000061035156,90.01499938964844,90.01499938964844,88.84138488769531,3165
779,2023-11-06,89.7699966430664,90.00650024414062,89.7699966430664,89.77449798583984,88.60401916503906,9707
780,2023-11-07,89.9375,89.9375,89.9375,89.9375,88.764892578125,709
781,2023-11-08,90.05249786376953,90.05249786376953,90.05249786376953,90.05249786376953,88.8783950805664,362
782,2023-11-09,89.65499877929688,89.65499877929688,89.65499877929688,89.65499877929688,88.48607635498047,3
783,2023-11-10,89.71499633789062,89.71499633789062,89.71499633789062,89.71499633789062,88.5452880859375,4
784,2023-11-13,89.72000122070312,89.72000122070312,89.72000122070312,89.72000122070312,88.55023193359375,3
785,2023-11-14,90.3667984008789,90.47989654541016,90.3667984008789,90.47989654541016,89.30022430419922,1604
786,2023-11-15,90.1500015258789,90.1500015258789,90.1500015258789,90.1500015258789,88.9746322631836,10
787,2023-11-16,90.44999694824219,90.4717025756836,90.44999694824219,90.4717025756836,89.29212951660156,966
788,2023-11-17,90.48999786376953,90.48999786376953,90.48999786376953,90.48999786376953,89.31019592285156,6
789,2023-11-20,90.4469985961914,90.56999969482422,90.37120056152344,90.55999755859375,89.37928009033203,1147
790,2023-11-21,90.66999816894531,90.66999816894531,90.62329864501953,90.62329864501953,89.44175720214844,6985
791,2023-11-22,90.62000274658203,90.64749908447266,90.62000274658203,90.64749908447266,89.46563720703125,712
792,2023-11-24,90.4000015258789,90.47309875488281,90.4000015258789,90.47309875488281,89.29351043701172,805
793,2023-11-27,90.59709930419922,90.76499938964844,90.59709930419922,90.76499938964844,89.58160400390625,4004
794,2023-11-28,90.72989654541016,91.03350067138672,90.72989654541016,91.03350067138672,89.84661102294922,208
795,2023-11-29,91.25,91.3499984741211,91.19000244140625,91.33260345458984,90.14180755615234,1804
796,2023-11-30,91.18000030517578,91.18000030517578,91.01000213623047,91.08000183105469,89.89250183105469,1812
797,2023-12-01,91.60440063476562,91.60440063476562,91.60440063476562,91.60440063476562,90.41006469726562,10
798,2023-12-04,91.4104995727539,91.4104995727539,91.4104995727539,91.4104995727539,90.21868896484375,34
799,2023-12-05,91.65750122070312,91.65950012207031,91.65750122070312,91.65950012207031,90.46443939208984,416
800,2023-12-06,91.71029663085938,91.77639770507812,91.69999694824219,91.77639770507812,90.57981872558594,1280
801,2023-12-07,91.92829895019531,91.92829895019531,91.7699966430664,91.79190063476562,90.5951156616211,1269
802,2023-12-08,91.45500183105469,91.45500183105469,91.45500183105469,91.45500183105469,90.26261138916016,8
803,2023-12-11,91.27130126953125,91.48999786376953,91.27130126953125,91.44029998779297,90.24810791015625,1678
804,2023-12-12,91.5000991821289,91.56880187988281,91.5000991821289,91.56880187988281,90.37492370605469,558
805,2023-12-13,91.7300033569336,92.35310363769531,91.7300033569336,92.35310363769531,91.14900207519531,4966
806,2023-12-14,92.6957015991211,92.83999633789062,92.66000366210938,92.7300033569336,91.52098846435547,1066
807,2023-12-15,92.65509796142578,92.65509796142578,92.65509796142578,92.65509796142578,91.44705963134766,12
808,2023-12-18,92.618896484375,92.618896484375,92.5199966430664,92.56999969482422,91.36307525634766,1133
809,2023-12-19,92.58000183105469,92.63359832763672,92.58000183105469,92.63359832763672,91.42584228515625,589
810,2023-12-20,92.79000091552734,92.87259674072266,92.79000091552734,92.87259674072266,91.66172790527344,638
811,2023-12-21,92.93720245361328,92.94999694824219,92.83000183105469,92.8550033569336,91.64436340332031,678
812,2023-12-22,92.84989929199219,92.9093017578125,92.81310272216797,92.86859893798828,91.65778350830078,1693
813,2023-12-26,92.86609649658203,92.86609649658203,92.86609649658203,92.86609649658203,91.65531158447266,134
814,2023-12-27,92.56999969482422,92.56999969482422,92.56999969482422,92.56999969482422,92.00890350341797,233
815,2023-12-28,92.47949981689453,92.47949981689453,92.45999908447266,92.45999908447266,91.89956665039062,214
